Email,Name,Degree,Institution Name,Institution Country
Adkins@rivera-lindsey.org,Jennifer Adkins,PhD,Chikushi Jogakuen University,Japan
Morgan@barton.biz,Jessica Morgan,Master,Nagoya University of Arts,Japan
Turner@campbell.com,Autumn Turner,Master,Kumamoto Prefectural University,Japan
Schultz@myers.com,Lisa Schultz,Master,Miyagi University of Education,Japan
Rodriguez@ramsey-davis.com,Andrea Rodriguez,Master,Gifu Women's University,Japan
Miles@porter.com,Patrick Miles,PhD,Heisei International University,Japan
Nelson@johnson-smith.com,Scott Nelson,Master,Minamikyushu University,Japan
Murray@miller-torres.com,Stephanie Murray,Master,Nagoya University of Commerce and Business Administration,Japan
Allen@lynch.com,Jacob Allen,PhD,Keio University,Japan
Lewis@patel.com,Nathaniel Lewis,PhD,Otemae University,Japan
Hill@garcia.com,Theresa Hill,Master,Aichi Bunkyo University,Japan
Monroe@morgan.com,Christopher Monroe,PhD,Matsuyama University,Japan
Dalton@banks.com,Michael Dalton,Master,Sagami Women's University,Japan
Vaughan@mullins-may.com,Lindsey Vaughan,Master,Gakushuin University,Japan
Bowman@thompson-maxwell.com,Kristen Bowman,PhD,Oita University of Nursing and Health Sciences,Japan
Romero@cowan.info,Jesse Romero,Master,Aichi Gakusen University,Japan
Gutierrez@mccarthy.com,Tammy Gutierrez,Master,Matsuyama University,Japan
Rogers@lawson-morton.com,Lauren Rogers,PhD,Tokoha Gakuen University,Japan
Coleman@simpson.com,Anthony Coleman,Master,Toyohashi University of Technology,Japan
Harris@taylor.com,Jason Harris,Master,Temple University Japan,Japan
Perry@martin.info,Kimberly Perry,PhD,Kyoto University of Art and Design,Japan
Ramsey@clay.org,Peggy Ramsey,Master,Otaru University of Commerce,Japan
Ali@gibbs.com,Leslie Ali,PhD,Kyoto Women's University,Japan
Cooley@johnson.net,Danielle Cooley,Master,Toyama Prefectural University,Japan
Sims@hebert-williams.com,Donald Sims,Master,Nagasaki Prefectural University,Japan
Edwards@lamb.biz,Elizabeth Edwards,Master,Teikyo University of Science and Technology,Japan
Bailey@lee.com,Edwin Bailey,PhD,Yasuda Women's University,Japan
Wu@olson.info,Dennis Wu,Master,"Dai Ichi University, College of Technology",Japan
Adams@villanueva.info,Samuel Adams,PhD,Meisei University,Japan
Small@watson-ellis.net,Robert Small,Master,Kure University,Japan
Boone@singh.net,Lynn Boone,PhD,International University of Kagoshima,Japan
Ramos@clark-olson.com,Jessica Ramos,Master,Tokyo University of Pharmacy and Life Science,Japan
Grant@wilson.biz,Kimberly Grant,PhD,International Christian University,Japan
Osborne@mason.com,Nathan Osborne,Master,Kyorin University,Japan
Elliott@pitts.com,James Elliott,Master,Keio University,Japan
Thomas@davis.org,Christopher Thomas,Master,Meikai University,Japan
Hoffman@brewer-newman.biz,Douglas Hoffman,Master,Tohoku Gakuin University,Japan
Sheppard@terry.com,Justin Sheppard,PhD,Tohoku University of Art and Design,Japan
Nguyen@kelley-reeves.com,Adam Nguyen,PhD,Kogakuin University,Japan
Villanueva@taylor.org,Sophia Villanueva,PhD,Rissho University,Japan
Lewis@williams.com,Wanda Lewis,Master,Tokyo Denki University,Japan
Melendez@burke.com,Joseph Melendez,Master,Kyushu Women's University,Japan
Johns@morales.com,Juan Johns,PhD,Ochanomizu Women's University,Japan
Williams@mathews.com,Michelle Williams,PhD,Osaka University of Commerce,Japan
Dudley@roberts.com,Brittany Dudley,Master,Toyama Prefectural University,Japan
Chavez@murillo-moran.com,Jessica Chavez,Master,Nippon Dental University,Japan
Cook@thomas-hull.com,Kevin Cook,Master,Kyoto University,Japan
Moore@gomez-ford.com,Nicholas Moore,Master,Wako University,Japan
Miller@lopez-sanders.com,Larry Miller,PhD,Sakushin Gakuin University,Japan
Elliott@santos.info,Christopher Elliott,Master,Sapporo Gakuin University,Japan
Bradley@wells-ford.com,Brandon Bradley,Master,Aichi Prefectural University,Japan
Perez@rush.com,Mike Perez,Master,Aoyama Gakuin University,Japan
Branch@perry.com,Emily Branch,PhD,Asahikawa University,Japan
Anderson@brown.com,Cody Anderson,PhD,Kogakkan University,Japan
Black@cannon.com,Katie Black,PhD,Toyama University,Japan
Mcgrath@williams.com,Samantha Mcgrath,Master,Jissen Women's University,Japan
Gray@harper.org,Emma Gray,Master,Hokuriku University,Japan
Keller@wagner.biz,Alexander Keller,Master,Chiba Keizai University,Japan
Townsend@chambers.biz,Miguel Townsend,PhD,Nagoya University of Arts,Japan
Ponce@lambert-wong.info,Theodore Ponce,Master,Jissen Women's University,Japan
Garrett@martinez.com,Emily Garrett,Master,Akita University of Economics and Law,Japan
Sandoval@jackson-marshall.com,Renee Sandoval,Master,Jissen Women's University,Japan
Dalton@gomez-giles.org,Samantha Dalton,PhD,Kyushu International University,Japan
Bennett@alvarado.net,Jeffery Bennett,Master,Osaka City University,Japan
Robinson@walsh.net,Ralph Robinson,PhD,Kobe Shoin Women's University,Japan
Cook@kim.biz,Jackson Cook,PhD,Okayama University,Japan
Wade@mcbride.org,Chase Wade,Master,Jissen Women's University,Japan
Foley@roberson-alvarez.info,Cheryl Foley,Master,Niigata Sangyo University,Japan
Miles@dunn.com,Randy Miles,Master,Okayama University,Japan
Mcbride@mitchell-kennedy.com,Mark Mcbride,PhD,Kitasato University,Japan
Shepard@andrews.net,Samuel Shepard,Master,Fukuoka University of Education,Japan
Brown@smith-flores.info,Chris Brown,PhD,Niigata University of International and Information Studies,Japan
Yang@moran.net,Barbara Yang,PhD,Kanazawa Medical University,Japan
Wall@flores-hendricks.biz,Marcus Wall,Master,Kanto Gakuen University,Japan
Moore@newton-leonard.com,Vincent Moore,Master,Jikei University School of Medicine,Japan
Gonzalez@ellis-morris.com,Pamela Gonzalez,PhD,University of the Sacred Heart Tokyo,Japan
Taylor@dennis.com,Elizabeth Taylor,PhD,Nagoya University,Japan
Berry@powers-jenkins.com,Glen Berry,PhD,Otemae University,Japan
Nielsen@harris.info,Melissa Nielsen,Master,Tohoku Gakuin University,Japan
Sanchez@king.com,Victor Sanchez,Master,Chuo University,Japan
Franco@taylor-jones.net,Tiffany Franco,PhD,Akita University,Japan
Smith@gardner.org,Jacqueline Smith,PhD,Osaka Prefectural University,Japan
Williams@christian-hawkins.net,Travis Williams,PhD,Kurashiki University of Science and the Arts,Japan
Thompson@cardenas-dominguez.com,Sean Thompson,PhD,Osaka International University for Women,Japan
Montgomery@murillo.com,Melissa Montgomery,Master,Tokyo University of Agriculture and Technology,Japan
Smith@ingram.com,Valerie Smith,PhD,Nagoya City University,Japan
Deleon@sanchez.org,Maria Deleon,PhD,Tezukayama University,Japan
Ramos@smith.com,Stephanie Ramos,PhD,Miyazaki University,Japan
Kelly@payne-harmon.com,Debra Kelly,PhD,Hiroshima University,Japan
Barron@davis.info,Kenneth Barron,PhD,Kobe Jogakuin University,Japan
Smith@gay-miller.info,Donald Smith,Master,Musashino Women's University,Japan
Mccall@petersen-cox.com,Edward Mccall,Master,Fukui University of Technology,Japan
Rodriguez@cole.biz,Chad Rodriguez,PhD,Kyushu Kyoritsu University,Japan
Jones@martinez-walker.com,Robert Jones,PhD,Hiroshima Kokusai Gakuin University,Japan
Nelson@white-moore.com,Christopher Nelson,Master,Otani University,Japan
Hendricks@russell.net,Cassidy Hendricks,Master,University of Aizu,Japan
Cruz@martinez.com,Edward Cruz,PhD,Kokushikan University,Japan
Skinner@smith.net,Beth Skinner,PhD,Hokuriku University,Japan
Duran@thompson-walker.org,Carolyn Duran,Master,Meijo University,Japan
Adkins@lucas.org,Sabrina Adkins,PhD,Hosei University,Japan
Scott@smith.com,Michelle Scott,PhD,Sapporo Medical University,Japan
Carson@garrett.com,Brandon Carson,PhD,Hannan University,Japan
Perez@murillo-freeman.com,Kevin Perez,PhD,Tokyo Gakugei University,Japan
Hernandez@cantrell-kent.com,Catherine Hernandez,PhD,University of Aizu,Japan
Scott@howard.com,Michelle Scott,Master,Kogakuin University,Japan
Forbes@norton.com,Tammy Forbes,PhD,Kagawa University,Japan
Jackson@carter.info,Bethany Jackson,PhD,Tokai University Educational System,Japan
Vaughan@fernandez-scott.biz,Angel Vaughan,Master,Doho University,Japan
Fernandez@griffin.com,Chelsey Fernandez,Master,Matsusaka University,Japan
Hess@walsh.com,Jenny Hess,PhD,Yamanashi University,Japan
Miller@trevino.info,Gregory Miller,Master,Osaka Gakuin University,Japan
Robinson@lopez-austin.com,Tamara Robinson,PhD,Kibi International University,Japan
Little@hunt.com,Charles Little,Master,Seikei University,Japan
Miller@mills.biz,Barbara Miller,PhD,Seigakuin University,Japan
Valenzuela@powell-oneill.org,Justin Valenzuela,Master,Kyushu University of Nursing and SocialWelfare,Japan
Nguyen@montoya.net,Laura Nguyen,Master,Kyoto Gakuen University,Japan
Henderson@scott.com,Christopher Henderson,PhD,"University of Occupational and Environmental Health, Japan",Japan
Thompson@hall-lozano.biz,Calvin Thompson,Master,Yasuda Women's University,Japan
Brown@walker-grimes.com,Kristina Brown,Master,Wakkanai Hokusei Gakuen University,Japan
Mcdonald@richards-robbins.com,Daniel Mcdonald,PhD,Osaka Women's University,Japan
Black@bell.com,Jessica Black,PhD,Otani University,Japan
Riley@watson-cordova.com,Elizabeth Riley,PhD,Kure University,Japan
Porter@gutierrez-sanchez.com,Dennis Porter,Master,Meisei University,Japan
Franklin@romero.com,Amanda Franklin,PhD,Kyushu University of Nursing and SocialWelfare,Japan
Benitez@mills-singleton.com,Eric Benitez,PhD,Niigata University,Japan
Boyd@ross.info,Donald Boyd,PhD,Osaka Prefectural University,Japan
Chaney@house-hansen.info,David Chaney,PhD,Hitotsubashi University,Japan
Cantu@henson.com,Crystal Cantu,Master,Senshu University,Japan
Ramsey@jones.com,Ryan Ramsey,PhD,Nagoya Economics University,Japan
Johnson@west.info,Ryan Johnson,PhD,Toyo Gakuen University,Japan
Farrell@jenkins.biz,John Farrell,Master,Fukuoka Prefectural University,Japan
Collins@lewis.com,Evan Collins,Master,Meiji University of Oriental Medicine,Japan
Page@miller.biz,Thomas Page,PhD,Koshien University,Japan
Ramirez@patrick.info,Melissa Ramirez,PhD,Okayama University of Science,Japan
Villa@richards-collins.com,Kelly Villa,Master,Soai University,Japan
Nicholson@nelson.biz,Justin Nicholson,PhD,Polytechnic University,Japan
Bauer@davidson-nguyen.com,William Bauer,Master,Polytechnic University,Japan
Allison@phillips.com,Brandon Allison,Master,Hachinohe University,Japan
Holland@abbott.biz,Mary Holland,Master,Shiga University,Japan
Davis@maldonado.com,Sandra Davis,PhD,Tohoku University,Japan
Dixon@horn-lopez.com,Nicholas Dixon,Master,Tezukayama University,Japan
Ward@pena.com,Brandon Ward,PhD,Fujita Health University,Japan
Orozco@cabrera.com,Crystal Orozco,PhD,Kushiro Public University of Economics,Japan
Hunt@patel-stewart.biz,Jacqueline Hunt,PhD,Tohoku Gakuin University,Japan
Arellano@ball-martin.net,Heather Arellano,Master,Nihon Fukushi University,Japan
Weaver@davis-ryan.com,Nicole Weaver,PhD,Fukui Prefectural University,Japan
Crawford@avery-ward.com,Chad Crawford,PhD,Tokoha Gakuen University,Japan
Gray@smith.com,Anthony Gray,PhD,Miyazaki Municipal University,Japan
Ryan@kelley-church.com,Joseph Ryan,PhD,Hanazono University,Japan
Bell@hunt.com,Nicole Bell,PhD,Josai International University,Japan
Williams@nash.com,Miguel Williams,PhD,Teikyo Heisei University,Japan
Garcia@medina-martin.com,Samantha Garcia,PhD,Kurashiki University of Science and the Arts,Japan
Small@thomas.info,James Small,PhD,Yokohama City University,Japan
Davis@vargas.biz,Randy Davis,Master,Seijo University,Japan
Perkins@maxwell-johnson.biz,Amber Perkins,Master,Hiroshima City University,Japan
Morgan@smith.org,Tyler Morgan,PhD,Temple University Japan,Japan
Rodriguez@maxwell.biz,Lisa Rodriguez,Master,Jobu University,Japan
Moore@rivera.net,William Moore,PhD,Elisabeth University of Music,Japan
Russell@williams.com,Marcus Russell,PhD,Konan University,Japan
Freeman@fields-burke.com,Michelle Freeman,PhD,Okayama University,Japan
Cannon@jones.com,Timothy Cannon,PhD,Takasaki City University of Economics,Japan
Floyd@franklin-gomez.net,Ashley Floyd,Master,"Shimane University, Faculty of Medicine",Japan
Schmidt@kelley.net,Sara Schmidt,Master,Shinshu University,Japan
Oconnell@davis.com,Sandra Oconnell,Master,Kyushu Kyoritsu University,Japan
Brown@larson.com,Matthew Brown,Master,Hiroshima Kokusai Gakuin University,Japan
Garrett@davis.com,Elizabeth Garrett,PhD,Ferris University,Japan
Johnson@clark.biz,Joshua Johnson,PhD,Tokoha Gakuen University,Japan
Gilmore@kaiser-baker.org,Lisa Gilmore,Master,Hiroshima University of Economics,Japan
Young@austin.com,Teresa Young,PhD,Tohoku University of Art and Design,Japan
Wilcox@martin-brown.com,Monica Wilcox,PhD,Kawamura Gakuen Woman's University,Japan
Gutierrez@jones-brown.com,Randy Gutierrez,PhD,Musashino Art University,Japan
Burgess@porter.biz,Amanda Burgess,Master,Kumamoto Gakuen University,Japan
Hernandez@rodriguez.biz,Sarah Hernandez,Master,Hokkaigakuen University of Kitami,Japan
Price@anderson-rodriguez.net,Alan Price,Master,Fukui University,Japan
Hudson@anderson-patterson.biz,John Hudson,PhD,Yamagata University,Japan
Mccullough@caldwell-smith.com,Daniel Mccullough,Master,Hirosaki Gakuin University,Japan
Duke@simon.com,Todd Duke,PhD,Sankei University,Japan
Davidson@lewis.com,Benjamin Davidson,Master,Kyushu Women's University,Japan
Johnson@sims.com,Karen Johnson,PhD,Tokushima Bunri University,Japan
Roberts@vasquez.com,Joseph Roberts,Master,Konan University,Japan
Brown@stewart.com,Matthew Brown,Master,Hiroshima Women's University,Japan
Weiss@garcia.com,Aimee Weiss,Master,Waseda University,Japan
Werner@brown.com,Patrick Werner,PhD,Chuo Gakuin University,Japan
Clark@frey.org,Madison Clark,Master,Ritsumeikan University,Japan
Bass@roberts-day.org,Jessica Bass,Master,Miyagi University of Education,Japan
Austin@peterson.com,Daniel Austin,PhD,Saga University,Japan
Gibson@hernandez.com,Timothy Gibson,Master,Ferris University,Japan
Foster@sharp.org,Theresa Foster,PhD,Yamanashi Gakuin University,Japan
Espinoza@aguilar.com,Jade Espinoza,Master,Aichi Sangyo University,Japan
Merritt@collier-jacobs.com,Cassandra Merritt,Master,Kansai University of Social Welfare,Japan
Brown@johnson.com,Michael Brown,PhD,Saga University,Japan
Nelson@doyle-boyer.org,Tiffany Nelson,PhD,Tokyo Engineering University,Japan
Lowery@zavala-sharp.info,Ann Lowery,Master,Aichi Prefectural University,Japan
Palmer@ewing-rhodes.info,James Palmer,PhD,Asahikawa University,Japan
Allen@taylor.biz,Jeffrey Allen,Master,Fukuoka International University,Japan
Jones@allen.biz,Kristen Jones,Master,Iwate University,Japan
Thomas@simmons.com,Jose Thomas,Master,Tohwa University,Japan
Shepherd@pennington-burton.com,Brian Shepherd,PhD,Hamamatsu University,Japan
Wagner@cuevas.com,Linda Wagner,PhD,Ritsumeikan Asia Pacific University,Japan
Tucker@williams.com,Christopher Tucker,PhD,Tsukuba University,Japan
