Email,Name,Degree,Institution Name,Institution Country
Clark@mays-spence.com,Eric Clark,PhD,Avrasya University,Turkey
Floyd@taylor.com,Walter Floyd,Master,British University in Dubai,United Arab Emirates
Davis@lopez.com,Michelle Davis,PhD,Maldives National University,Maldives
Lewis@pratt-kane.com,Alyssa Lewis,Master,National University of Kiev-Mohyla Academy,Ukraine
Wheeler@mckenzie.com,Andrew Wheeler,PhD,University of Southern Europe (Monaco Business School),Monaco
Davis@roberts.com,Jessica Davis,PhD,Kun Shan University,Taiwan
Walton@carr-taylor.com,Victoria Walton,Master,Tshwane University of Technology,South Africa
Torres@kelly-wyatt.com,Lauren Torres,Master,American University of Antigua,Antigua and Barbuda
Young@santos-vasquez.com,Brenda Young,PhD,Bamenda University of Science & Technology,Cameroon
Gonzalez@bray-lee.biz,Heather Gonzalez,Master,Mongolian State University of Education,Mongolia
Young@li.com,Gabriel Young,PhD,Vilnius University,Lithuania
Miller@parker.com,Barbara Miller,PhD,"University of the West Indies, Cave Hill",Barbados
Robinson@perez-armstrong.biz,Jeffrey Robinson,Master,University of the Faroe Islands,Faroe Islands
Mcdonald@anderson.com,Douglas Mcdonald,PhD,Houdegbe North American University Benin,Benin
Roberson@freeman-barr.com,William Roberson,Master,Technical University of Sofia,Bulgaria
Mendoza@singh-rose.info,Melissa Mendoza,PhD,Mongolian University of Science and Technology,Mongolia
Davis@santos.org,James Davis,PhD,National Ribat University,Sudan
York@whitaker-dunn.com,Taylor York,Master,University of Montenegro,Montenegro
Rivera@miller.com,Kathy Rivera,Master,Westhill University,Mexico
Smith@leonard.com,Sheri Smith,Master,"Independent University, Bangladesh",Bangladesh
Duffy@williams-solis.biz,Susan Duffy,PhD,Gulf University College,Bahrain
Walters@summers.org,Dana Walters,PhD,Comrat State University,"Moldova, Republic of"
Brown@chavez.biz,Anne Brown,Master,Zagreb University of Applied Sciences,Croatia
Orr@gillespie.biz,Misty Orr,Master,Catholic University of Malawi,Malawi
Cook@davis-cline.net,Nichole Cook,Master,"International School of New Media, University of Lübeck",Germany
Reilly@torres.com,Matthew Reilly,PhD,Chiang Mai Rajabhat University,Thailand
Cantu@kim-roberts.info,Kim Cantu,PhD,Campus Bio-Medico University of Rome,Italy
Harmon@miller.com,Larry Harmon,Master,University of Veterinary and Pharmaceutical Science,Czech Republic
Crosby@martinez-marshall.com,Amy Crosby,Master,Anton de Kom University,Suriname
Bush@perez.com,Courtney Bush,Master,Open University of the Netherlands,Netherlands
Ramos@burke.org,Megan Ramos,Master,Northern Caribbean University,Jamaica
Calhoun@price.com,Julie Calhoun,Master,Charisma University,Turks and Caicos Islands
Dominguez@dixon.com,Jason Dominguez,Master,University of Swaziland,Swaziland
Baker@henderson.com,Vernon Baker,Master,National University of Uzbekistan,Uzbekistan
Gomez@stark.com,James Gomez,Master,University of Southern Europe (Monaco Business School),Monaco
Goodman@reyes-taylor.com,Michelle Goodman,PhD,University of Zenica,Bosnia and Herzegovina
Stone@floyd.com,Ashley Stone,PhD,Westhill University,Mexico
Schneider@gardner-white.com,Leah Schneider,PhD,Hope Africa University,Burundi
Marsh@brown.net,Erin Marsh,Master,University of Swaziland,Swaziland
Lewis@matthews.biz,Shelley Lewis,PhD,University of Central Europe in Skalica,Slovakia
Carrillo@maldonado-curtis.biz,Karen Carrillo,PhD,University of Trinidad and Tobago,Trinidad and Tobago
Mccann@anthony.org,Lori Mccann,Master,International University of Travnik,Bosnia and Herzegovina
Velez@henderson.biz,Richard Velez,PhD,Westhill University,Mexico
Love@giles.com,Adam Love,Master,University of Qatar,Qatar
Foster@rodriguez-gomez.org,Tyler Foster,PhD,European University Portugal,Portugal
Morris@quinn.com,Sarah Morris,Master,University of Saint Joseph,Macao
Leonard@goodwin.org,James Leonard,PhD,University of Luxemburg,Luxembourg
Palmer@robles.org,Erica Palmer,PhD,Monash University,Australia
Watson@day-bennett.biz,Elizabeth Watson,Master,University of Aviation and Technology,Tunisia
Ford@foster-warner.com,Dylan Ford,PhD,University of Seychelles - American Institute of Medicine,Seychelles
Mccarty@ramos-archer.com,Keith Mccarty,PhD,Dhofar University,Oman
Davis@jones.com,David Davis,Master,East Ukrainian National University,Ukraine
Washington@munoz-love.com,Michael Washington,Master,American University of the Caribbean,Haiti
Clayton@york-burke.com,April Clayton,PhD,St Clements University - Higher Education School,Niue
Freeman@phillips.biz,Daniel Freeman,Master,University of Greenland,Greenland
Garcia@pierce.info,Lisa Garcia,Master,Tampere University of Technology,Finland
Gonzalez@campbell.info,Steven Gonzalez,Master,Bourgas Free University,Bulgaria
Booth@sims.info,Debra Booth,PhD,University of Macau,Macao
Olson@jones.com,Pamela Olson,PhD,Vidzeme University College,Latvia
Briggs@leblanc.com,Jacob Briggs,Master,Dawat University,Afghanistan
White@freeman-lewis.com,Alan White,Master,St. Joseph University Beirut,Lebanon
Brooks@kelly-castro.info,Eric Brooks,Master,University of San Marino,San Marino
Stone@owens-burgess.com,Darren Stone,PhD,Bourgas Free University,Bulgaria
Rich@simmons.info,Brian Rich,PhD,Taif University,Saudi Arabia
Glenn@wong.net,Christian Glenn,PhD,University of Canterbury,New Zealand
Wong@novak.org,Curtis Wong,Master,University of Montenegro,Montenegro
Moore@smith-mccarthy.info,Christopher Moore,Master,Koç University,Turkey
Hart@walker-hood.com,Angela Hart,PhD,Maakhir University,Somalia
Bradley@peterson-turner.biz,Parker Bradley,Master,City University of Hong Kong,Hong Kong
Woodard@cole.net,Lisa Woodard,Master,Technical University of Liberec,Czech Republic
Hawkins@ramos.com,Matthew Hawkins,PhD,University of Papua New Guinea,Papua New Guinea
Patton@watson.com,Sonya Patton,PhD,Pedagogical University of Kielce,Poland
Sullivan@johnson-jones.com,Richard Sullivan,PhD,Belarussian State Pedagogical University M. Tanka,Belarus
Davis@stewart-schneider.com,Matthew Davis,Master,Nipissing University,Canada
Barnett@nelson-ramos.biz,Dawn Barnett,Master,Bamenda University of Science & Technology,Cameroon
Kerr@cook-sweeney.org,Cynthia Kerr,Master,University of New Caledonia,New Caledonia
Simmons@morris-rivera.com,Rebecca Simmons,Master,"Fourah Bay College, University of Sierra Leone",Sierra Leone
Johnson@johnson.com,Amy Johnson,PhD,Yerevan State Medical University,Armenia
Perez@kelly.info,Tina Perez,PhD,"Webster University, Vienna",Austria
Myers@hopkins.com,James Myers,PhD,Buddhasravaka Bhikshu University,Sri Lanka
Preston@wallace.org,Maurice Preston,Master,Bamenda University of Science & Technology,Cameroon
White@alvarez-williams.com,Joshua White,PhD,Windsor University School of Medicine,Saint Kitts and Nevis
Johnson@anderson-hernandez.com,Robert Johnson,Master,Reykjavík University,Iceland
Edwards@carter-martinez.info,Deborah Edwards,PhD,"University of Science, Arts and Technology",Montserrat
Perry@bright-hall.com,Robert Perry,PhD,"Webster University, Vienna",Austria
Underwood@sheppard.com,Catherine Underwood,PhD,Floret Global University,Panama
Anderson@knight.com,Renee Anderson,Master,University of Hawaii at Hilo,United States
Yang@mccarthy.info,Courtney Yang,PhD,National University of Lesotho,Lesotho
Hanson@james.biz,Christopher Hanson,Master,"University of Prizren ""Ukshin Hoti""",Kosovo
Garcia@morse.com,Ryan Garcia,Master,University of Montenegro,Montenegro
Duncan@martinez.biz,Crystal Duncan,PhD,University of Aviation and Technology,Tunisia
Davis@cooper-morgan.biz,Sara Davis,PhD,Jönköping University College of Health Sciences,Sweden
Horton@best-morris.org,Thomas Horton,Master,American University of Paris,France
Romero@morris-jones.com,Steven Romero,Master,"Schiller International University, Madrid",Spain
Mitchell@webster.com,Kenneth Mitchell,Master,Beijing Petroleum University,China
Johnson@dennis-reynolds.com,Jimmy Johnson,Master,Armenian State Agrarian University,Armenia
Jones@mclaughlin.com,Angela Jones,Master,Westhill University,Mexico
Miller@wright-clark.net,Robert Miller,Master,University of Juba,South Sudan
Robinson@morales-smith.com,Michelle Robinson,Master,University of Swaziland,Swaziland
Williams@huffman.biz,Lisa Williams,Master,Our Lady of Fatima University,Philippines
